"Tema","Entidad","Indicador","link.de.consulta","2010","2015","2020"
"Social","Aguascalientes","Grado promedio de escolaridad (años)","https://www.inegi.org.mx/app/tabulados/interactivos/?pxq=Educacion_Educacion_05_2f6d2a08-babc-442f-b4e0-25f7d324dfe0&idrt=15&opc=t",9.23,9.73,10.35
"Social","Baja California","Grado promedio de escolaridad (años)","https://www.inegi.org.mx/app/tabulados/interactivos/?pxq=Educacion_Educacion_05_2f6d2a08-babc-442f-b4e0-25f7d324dfe0&idrt=15&opc=t",9.26,9.76,10.2
"Social","Baja California Sur","Grado promedio de escolaridad (años)","https://www.inegi.org.mx/app/tabulados/interactivos/?pxq=Educacion_Educacion_05_2f6d2a08-babc-442f-b4e0-25f7d324dfe0&idrt=15&opc=t",9.4,9.91,10.34
"Social","Campeche","Grado promedio de escolaridad (años)","https://www.inegi.org.mx/app/tabulados/interactivos/?pxq=Educacion_Educacion_05_2f6d2a08-babc-442f-b4e0-25f7d324dfe0&idrt=15&opc=t",8.51,9.14,9.63
"Social","Coahuila de Zaragoza","Grado promedio de escolaridad (años)","https://www.inegi.org.mx/app/tabulados/interactivos/?pxq=Educacion_Educacion_05_2f6d2a08-babc-442f-b4e0-25f7d324dfe0&idrt=15&opc=t",9.47,9.9,10.43
"Social","Colima","Grado promedio de escolaridad (años)","https://www.inegi.org.mx/app/tabulados/interactivos/?pxq=Educacion_Educacion_05_2f6d2a08-babc-442f-b4e0-25f7d324dfe0&idrt=15&opc=t",8.95,9.53,10.05
"Social","Chiapas","Grado promedio de escolaridad (años)","https://www.inegi.org.mx/app/tabulados/interactivos/?pxq=Educacion_Educacion_05_2f6d2a08-babc-442f-b4e0-25f7d324dfe0&idrt=15&opc=t",6.67,7.29,7.78
"Social","Chihuahua","Grado promedio de escolaridad (años)","https://www.inegi.org.mx/app/tabulados/interactivos/?pxq=Educacion_Educacion_05_2f6d2a08-babc-442f-b4e0-25f7d324dfe0&idrt=15&opc=t",8.82,9.47,10
"Social","Ciudad de México","Grado promedio de escolaridad (años)","https://www.inegi.org.mx/app/tabulados/interactivos/?pxq=Educacion_Educacion_05_2f6d2a08-babc-442f-b4e0-25f7d324dfe0&idrt=15&opc=t",10.54,11.12,11.48
"Social","Durango","Grado promedio de escolaridad (años)","https://www.inegi.org.mx/app/tabulados/interactivos/?pxq=Educacion_Educacion_05_2f6d2a08-babc-442f-b4e0-25f7d324dfe0&idrt=15&opc=t",8.58,9.15,9.75
"Social","Guanajuato","Grado promedio de escolaridad (años)","https://www.inegi.org.mx/app/tabulados/interactivos/?pxq=Educacion_Educacion_05_2f6d2a08-babc-442f-b4e0-25f7d324dfe0&idrt=15&opc=t",7.73,8.38,9.04
"Social","Guerrero","Grado promedio de escolaridad (años)","https://www.inegi.org.mx/app/tabulados/interactivos/?pxq=Educacion_Educacion_05_2f6d2a08-babc-442f-b4e0-25f7d324dfe0&idrt=15&opc=t",7.27,7.8,8.37
"Social","Hidalgo","Grado promedio de escolaridad (años)","https://www.inegi.org.mx/app/tabulados/interactivos/?pxq=Educacion_Educacion_05_2f6d2a08-babc-442f-b4e0-25f7d324dfe0&idrt=15&opc=t",8.1,8.72,9.37
"Social","Jalisco","Grado promedio de escolaridad (años)","https://www.inegi.org.mx/app/tabulados/interactivos/?pxq=Educacion_Educacion_05_2f6d2a08-babc-442f-b4e0-25f7d324dfe0&idrt=15&opc=t",8.78,9.25,9.9
"Social","México","Grado promedio de escolaridad (años)","https://www.inegi.org.mx/app/tabulados/interactivos/?pxq=Educacion_Educacion_05_2f6d2a08-babc-442f-b4e0-25f7d324dfe0&idrt=15&opc=t",9.1,9.53,10.08
"Social","Michoacán de Ocampo","Grado promedio de escolaridad (años)","https://www.inegi.org.mx/app/tabulados/interactivos/?pxq=Educacion_Educacion_05_2f6d2a08-babc-442f-b4e0-25f7d324dfe0&idrt=15&opc=t",7.42,7.93,8.6
"Social","Morelos","Grado promedio de escolaridad (años)","https://www.inegi.org.mx/app/tabulados/interactivos/?pxq=Educacion_Educacion_05_2f6d2a08-babc-442f-b4e0-25f7d324dfe0&idrt=15&opc=t",8.9,9.3,9.84
"Social","Nayarit","Grado promedio de escolaridad (años)","https://www.inegi.org.mx/app/tabulados/interactivos/?pxq=Educacion_Educacion_05_2f6d2a08-babc-442f-b4e0-25f7d324dfe0&idrt=15&opc=t",8.61,9.16,9.73
"Social","Nuevo León","Grado promedio de escolaridad (años)","https://www.inegi.org.mx/app/tabulados/interactivos/?pxq=Educacion_Educacion_05_2f6d2a08-babc-442f-b4e0-25f7d324dfe0&idrt=15&opc=t",9.81,10.27,10.74
"Social","Oaxaca","Grado promedio de escolaridad (años)","https://www.inegi.org.mx/app/tabulados/interactivos/?pxq=Educacion_Educacion_05_2f6d2a08-babc-442f-b4e0-25f7d324dfe0&idrt=15&opc=t",6.94,7.52,8.12
"Social","Puebla","Grado promedio de escolaridad (años)","https://www.inegi.org.mx/app/tabulados/interactivos/?pxq=Educacion_Educacion_05_2f6d2a08-babc-442f-b4e0-25f7d324dfe0&idrt=15&opc=t",7.95,8.49,9.16
"Social","Querétaro","Grado promedio de escolaridad (años)","https://www.inegi.org.mx/app/tabulados/interactivos/?pxq=Educacion_Educacion_05_2f6d2a08-babc-442f-b4e0-25f7d324dfe0&idrt=15&opc=t",8.92,9.55,10.48
"Social","Quintana Roo","Grado promedio de escolaridad (años)","https://www.inegi.org.mx/app/tabulados/interactivos/?pxq=Educacion_Educacion_05_2f6d2a08-babc-442f-b4e0-25f7d324dfe0&idrt=15&opc=t",9.12,9.62,10.24
"Social","San Luis PotosÍ","Grado promedio de escolaridad (años)","https://www.inegi.org.mx/app/tabulados/interactivos/?pxq=Educacion_Educacion_05_2f6d2a08-babc-442f-b4e0-25f7d324dfe0&idrt=15&opc=t",8.26,8.82,9.61
"Social","Sinaloa","Grado promedio de escolaridad (años)","https://www.inegi.org.mx/app/tabulados/interactivos/?pxq=Educacion_Educacion_05_2f6d2a08-babc-442f-b4e0-25f7d324dfe0&idrt=15&opc=t",9.08,9.58,10.22
"Social","Sonora","Grado promedio de escolaridad (años)","https://www.inegi.org.mx/app/tabulados/interactivos/?pxq=Educacion_Educacion_05_2f6d2a08-babc-442f-b4e0-25f7d324dfe0&idrt=15&opc=t",9.42,10,10.4
"Social","Tabasco","Grado promedio de escolaridad (años)","https://www.inegi.org.mx/app/tabulados/interactivos/?pxq=Educacion_Educacion_05_2f6d2a08-babc-442f-b4e0-25f7d324dfe0&idrt=15&opc=t",8.64,9.31,9.69
"Social","Tamaulipas","Grado promedio de escolaridad (años)","https://www.inegi.org.mx/app/tabulados/interactivos/?pxq=Educacion_Educacion_05_2f6d2a08-babc-442f-b4e0-25f7d324dfe0&idrt=15&opc=t",9.12,9.51,10.09
"Social","Tlaxcala","Grado promedio de escolaridad (años)","https://www.inegi.org.mx/app/tabulados/interactivos/?pxq=Educacion_Educacion_05_2f6d2a08-babc-442f-b4e0-25f7d324dfe0&idrt=15&opc=t",8.78,9.27,9.83
"Social","Veracruz de Ignacio de la Llave","Grado promedio de escolaridad (años)","https://www.inegi.org.mx/app/tabulados/interactivos/?pxq=Educacion_Educacion_05_2f6d2a08-babc-442f-b4e0-25f7d324dfe0&idrt=15&opc=t",7.67,8.2,8.75
"Social","Yucatán","Grado promedio de escolaridad (años)","https://www.inegi.org.mx/app/tabulados/interactivos/?pxq=Educacion_Educacion_05_2f6d2a08-babc-442f-b4e0-25f7d324dfe0&idrt=15&opc=t",8.22,8.82,9.59
"Social","Zacatecas","Grado promedio de escolaridad (años)","https://www.inegi.org.mx/app/tabulados/interactivos/?pxq=Educacion_Educacion_05_2f6d2a08-babc-442f-b4e0-25f7d324dfe0&idrt=15&opc=t",7.9,8.63,9.25
